{
  "image_count": 3842,
  "bbox_count": 22341,
  "category_count": 20,
  "image_size": {
    "width": {
      "min": 590,
      "max": 1389,
      "mean": 805.0028630921395
    },
    "height": {
      "min": 549,
      "max": 989,
      "mean": 794.7824049973972
    }
  },
  "bbox_size": {
    "width": {
      "min": 2.0,
      "max": 520.0,
      "mean": 101.67740924757173
    },
    "height": {
      "min": 4.0,
      "max": 566.0,
      "mean": 100.87780314220491
    }
  },
  "aspect_ratio": {
    "min": 0.36363636363636365,
    "max": 3.7777777777777777,
    "mean": 1.0415244429032822
  },
  "categories": {
    "A2": 1729,
    "A10": 924,
    "A3": 1176,
    "A19": 1236,
    "A1": 1646,
    "A13": 1652,
    "A20": 981,
    "A15": 618,
    "A16": 2632,
    "A17": 1397,
    "A12": 702,
    "A5": 1262,
    "A14": 1778,
    "A7": 680,
    "A9": 1086,
    "A4": 642,
    "A18": 308,
    "A8": 944,
    "A11": 507,
    "A6": 441
  }
}