{
  "coco_metrics": {
    "overall": {
      "AP@[0.5:0.95]": 0.9252475247524753,
      "AP@0.5": 1.0,
      "AP@0.75": 1.0,
      "AP (small)": -1.0,
      "AP (medium)": 0.8999999999999999,
      "AP (large)": 0.9504950495049505,
      "AR@1": 0.7,
      "AR@10": 0.925,
      "AR@100": 0.925
    },
    "per_class": {
      "person": {
        "AP@[0.5:0.95]": 0.9504950495049505,
        "AP@0.5": 1.0,
        "AP@0.75": 1.0
      },
      "car": {
        "AP@[0.5:0.95]": 0.8999999999999999,
        "AP@0.5": 0.9999999999999999,
        "AP@0.75": 0.9999999999999999
      },
      "dog": {
        "AP@[0.5:0.95]": -1.0,
        "AP@0.5": -1.0,
        "AP@0.75": -1.0
      },
      "bicycle": {
        "AP@[0.5:0.95]": -1.0,
        "AP@0.5": -1.0,
        "AP@0.75": -1.0
      }
    }
  },
  "voc_metrics": {
    "overall": {
      "mAP@0.5": 0.4625
    },
    "per_class": {
      "person": {
        "AP@0.5": 0.95
      },
      "car": {
        "AP@0.5": 0.9
      },
      "dog": {
        "AP@0.5": 0.0
      },
      "bicycle": {
        "AP@0.5": 0.0
      }
    }
  }
}